user_status_change_record_id,user_id,operator_id,old_status,new_status,reason,idempotency_key,metadata,created_at
1,10000,31,active,active,测试自我状态修改-正常修改,status_change_10000_active_31_1767869935,[object Object],Thu Jan 08 2026 18:58:55 GMT+0800 (China Standard Time)
2,10000,31,active,active,测试自我状态修改-正常修改,status_change_10000_active_31_1767870288,[object Object],Thu Jan 08 2026 19:04:48 GMT+0800 (China Standard Time)
3,10000,31,active,active,测试自我状态修改-正常修改,status_change_10000_active_31_1767870873,[object Object],Thu Jan 08 2026 19:14:33 GMT+0800 (China Standard Time)
4,10000,31,active,active,测试自我状态修改-正常修改,status_change_10000_active_31_1767877703,[object Object],Thu Jan 08 2026 21:08:23 GMT+0800 (China Standard Time)
5,10000,31,active,active,测试自我状态修改-正常修改,status_change_10000_active_31_1767877984,[object Object],Thu Jan 08 2026 21:13:04 GMT+0800 (China Standard Time)
6,10000,31,active,active,测试自我状态修改-正常修改,status_change_10000_active_31_1767878396,[object Object],Thu Jan 08 2026 21:19:56 GMT+0800 (China Standard Time)
7,10000,31,active,active,测试自我状态修改-正常修改,status_change_10000_active_31_1767881177,[object Object],Thu Jan 08 2026 22:06:17 GMT+0800 (China Standard Time)
8,10000,31,active,active,测试自我状态修改-正常修改,status_change_10000_active_31_1767881351,[object Object],Thu Jan 08 2026 22:09:11 GMT+0800 (China Standard Time)
9,10000,31,active,active,测试自我状态修改-正常修改,status_change_10000_active_31_1767885838,[object Object],Thu Jan 08 2026 23:23:58 GMT+0800 (China Standard Time)
10,10000,31,active,active,测试自我状态修改-正常修改,status_change_10000_active_31_1767887111,[object Object],Thu Jan 08 2026 23:45:11 GMT+0800 (China Standard Time)
11,10000,31,active,active,测试自我状态修改-正常修改,status_change_10000_active_31_1767889867,[object Object],Fri Jan 09 2026 00:31:07 GMT+0800 (China Standard Time)
12,10000,31,active,active,测试自我状态修改-正常修改,status_change_10000_active_31_1767890255,[object Object],Fri Jan 09 2026 00:37:35 GMT+0800 (China Standard Time)
13,10000,31,active,active,测试自我状态修改-正常修改,status_change_10000_active_31_1767890810,[object Object],Fri Jan 09 2026 00:46:50 GMT+0800 (China Standard Time)
14,10000,31,active,active,测试自我状态修改-正常修改,status_change_10000_active_31_1767892337,[object Object],Fri Jan 09 2026 01:12:17 GMT+0800 (China Standard Time)
15,10000,31,active,active,测试自我状态修改-正常修改,status_change_10000_active_31_1767892535,[object Object],Fri Jan 09 2026 01:15:35 GMT+0800 (China Standard Time)
16,10000,31,active,active,测试自我状态修改-正常修改,status_change_10000_active_31_1767893966,[object Object],Fri Jan 09 2026 01:39:26 GMT+0800 (China Standard Time)
17,10000,31,active,active,测试自我状态修改-正常修改,status_change_10000_active_31_1767894374,[object Object],Fri Jan 09 2026 01:46:14 GMT+0800 (China Standard Time)
18,10000,31,active,active,测试自我状态修改-正常修改,status_change_10000_active_31_1767894817,[object Object],Fri Jan 09 2026 01:53:37 GMT+0800 (China Standard Time)
19,10000,31,active,active,测试自我状态修改-正常修改,status_change_10000_active_31_1767895041,[object Object],Fri Jan 09 2026 01:57:21 GMT+0800 (China Standard Time)
20,10000,31,active,active,测试自我状态修改-正常修改,status_change_10000_active_31_1767896305,[object Object],Fri Jan 09 2026 02:18:25 GMT+0800 (China Standard Time)
21,10000,31,active,active,测试自我状态修改-正常修改,status_change_10000_active_31_1767896706,[object Object],Fri Jan 09 2026 02:25:06 GMT+0800 (China Standard Time)
22,10000,31,active,active,测试自我状态修改-正常修改,status_change_10000_active_31_1767896896,[object Object],Fri Jan 09 2026 02:28:16 GMT+0800 (China Standard Time)
23,10000,31,active,active,测试自我状态修改-正常修改,status_change_10000_active_31_1767902173,[object Object],Fri Jan 09 2026 03:56:13 GMT+0800 (China Standard Time)
24,10000,31,active,active,测试自我状态修改-正常修改,status_change_10000_active_31_1767903644,[object Object],Fri Jan 09 2026 04:20:44 GMT+0800 (China Standard Time)
25,10000,31,active,active,测试自我状态修改-正常修改,status_change_10000_active_31_1767903952,[object Object],Fri Jan 09 2026 04:25:52 GMT+0800 (China Standard Time)
26,10000,31,active,active,测试自我状态修改-正常修改,status_change_10000_active_31_1767904426,[object Object],Fri Jan 09 2026 04:33:46 GMT+0800 (China Standard Time)
27,10000,31,active,active,测试自我状态修改-正常修改,status_change_10000_active_31_1767904484,[object Object],Fri Jan 09 2026 04:34:44 GMT+0800 (China Standard Time)
28,10000,31,active,active,测试自我状态修改-正常修改,status_change_10000_active_31_1767906068,[object Object],Fri Jan 09 2026 05:01:08 GMT+0800 (China Standard Time)
29,10000,31,active,active,测试自我状态修改-正常修改,status_change_10000_active_31_1767906136,[object Object],Fri Jan 09 2026 05:02:16 GMT+0800 (China Standard Time)
30,10000,31,active,active,测试自我状态修改-正常修改,status_change_10000_active_31_1767906684,[object Object],Fri Jan 09 2026 05:11:24 GMT+0800 (China Standard Time)
31,10000,31,active,active,测试自我状态修改-正常修改,status_change_10000_active_31_1767906839,[object Object],Fri Jan 09 2026 05:13:59 GMT+0800 (China Standard Time)
32,10000,31,active,active,测试自我状态修改-正常修改,status_change_10000_active_31_1767911816,[object Object],Fri Jan 09 2026 06:36:56 GMT+0800 (China Standard Time)
33,10000,31,active,active,测试自我状态修改-正常修改,status_change_10000_active_31_1767912214,[object Object],Fri Jan 09 2026 06:43:34 GMT+0800 (China Standard Time)
34,10000,31,active,active,测试自我状态修改-正常修改,status_change_10000_active_31_1767912575,[object Object],Fri Jan 09 2026 06:49:35 GMT+0800 (China Standard Time)
35,10000,31,active,active,测试自我状态修改-正常修改,status_change_10000_active_31_1767914778,[object Object],Fri Jan 09 2026 07:26:18 GMT+0800 (China Standard Time)
36,10000,31,active,active,测试自我状态修改-正常修改,status_change_10000_active_31_1767914890,[object Object],Fri Jan 09 2026 07:28:10 GMT+0800 (China Standard Time)
37,10000,31,active,active,测试自我状态修改-正常修改,status_change_10000_active_31_1767915014,[object Object],Fri Jan 09 2026 07:30:14 GMT+0800 (China Standard Time)
38,10000,31,active,active,测试自我状态修改-正常修改,status_change_10000_active_31_1767915148,[object Object],Fri Jan 09 2026 07:32:28 GMT+0800 (China Standard Time)
39,10000,31,active,active,测试自我状态修改-正常修改,status_change_10000_active_31_1767915248,[object Object],Fri Jan 09 2026 07:34:08 GMT+0800 (China Standard Time)
40,10000,31,active,active,测试自我状态修改-正常修改,status_change_10000_active_31_1767915376,[object Object],Fri Jan 09 2026 07:36:16 GMT+0800 (China Standard Time)
41,10000,31,active,active,测试自我状态修改-正常修改,status_change_10000_active_31_1767915599,[object Object],Fri Jan 09 2026 07:39:59 GMT+0800 (China Standard Time)
42,10000,31,active,active,测试自我状态修改-正常修改,status_change_10000_active_31_1767915659,[object Object],Fri Jan 09 2026 07:40:59 GMT+0800 (China Standard Time)
43,10000,31,active,active,测试自我状态修改-正常修改,status_change_10000_active_31_1767915732,[object Object],Fri Jan 09 2026 07:42:12 GMT+0800 (China Standard Time)
44,10000,31,active,active,测试自我状态修改-正常修改,status_change_10000_active_31_1767915828,[object Object],Fri Jan 09 2026 07:43:48 GMT+0800 (China Standard Time)
45,10000,31,active,active,测试自我状态修改-正常修改,status_change_10000_active_31_1767917438,[object Object],Fri Jan 09 2026 08:10:38 GMT+0800 (China Standard Time)
46,10000,31,active,active,测试自我状态修改-正常修改,status_change_10000_active_31_1767918528,[object Object],Fri Jan 09 2026 08:28:48 GMT+0800 (China Standard Time)
47,10000,31,active,active,测试自我状态修改-正常修改,status_change_10000_active_31_1767924372,[object Object],Fri Jan 09 2026 10:06:12 GMT+0800 (China Standard Time)
48,10000,31,active,active,测试自我状态修改-正常修改,status_change_10000_active_31_1767925299,[object Object],Fri Jan 09 2026 10:21:39 GMT+0800 (China Standard Time)
49,10000,31,active,active,测试自我状态修改-正常修改,status_change_10000_active_31_1768162567,[object Object],Mon Jan 12 2026 04:16:07 GMT+0800 (China Standard Time)
50,10000,31,active,active,测试自我状态修改-正常修改,status_change_10000_active_31_1768237708,[object Object],Tue Jan 13 2026 01:08:28 GMT+0800 (China Standard Time)
51,10000,31,active,active,测试自我状态修改-正常修改,status_change_10000_active_31_1768238158,[object Object],Tue Jan 13 2026 01:15:58 GMT+0800 (China Standard Time)
52,10000,31,active,active,测试自我状态修改-正常修改,status_change_10000_active_31_1768238325,[object Object],Tue Jan 13 2026 01:18:45 GMT+0800 (China Standard Time)
53,10000,31,active,active,测试自我状态修改-正常修改,status_change_10000_active_31_1768239838,[object Object],Tue Jan 13 2026 01:43:58 GMT+0800 (China Standard Time)
54,10000,31,active,active,测试自我状态修改-正常修改,status_change_10000_active_31_1768258986,[object Object],Tue Jan 13 2026 07:03:06 GMT+0800 (China Standard Time)
55,10000,31,active,active,测试自我状态修改-正常修改,status_change_10000_active_31_1768260293,[object Object],Tue Jan 13 2026 07:24:53 GMT+0800 (China Standard Time)
56,10000,31,active,active,测试自我状态修改-正常修改,status_change_10000_active_31_1768260616,[object Object],Tue Jan 13 2026 07:30:16 GMT+0800 (China Standard Time)
57,10000,31,active,active,测试自我状态修改-正常修改,status_change_10000_active_31_1768262306,[object Object],Tue Jan 13 2026 07:58:26 GMT+0800 (China Standard Time)
58,10000,31,active,active,测试自我状态修改-正常修改,status_change_10000_active_31_1768350657,[object Object],Wed Jan 14 2026 08:30:57 GMT+0800 (China Standard Time)
59,10000,31,active,active,测试自我状态修改-正常修改,status_change_10000_active_31_1768350723,[object Object],Wed Jan 14 2026 08:32:03 GMT+0800 (China Standard Time)
60,10000,31,active,active,测试自我状态修改-正常修改,status_change_10000_active_31_1768350802,[object Object],Wed Jan 14 2026 08:33:22 GMT+0800 (China Standard Time)
61,10000,31,active,active,测试自我状态修改-正常修改,status_change_10000_active_31_1768351006,[object Object],Wed Jan 14 2026 08:36:46 GMT+0800 (China Standard Time)
62,10000,31,active,active,测试自我状态修改-正常修改,status_change_10000_active_31_1768352311,[object Object],Wed Jan 14 2026 08:58:31 GMT+0800 (China Standard Time)
63,10000,31,active,active,测试自我状态修改-正常修改,status_change_10000_active_31_1768352421,[object Object],Wed Jan 14 2026 09:00:21 GMT+0800 (China Standard Time)
64,10000,31,active,active,测试自我状态修改-正常修改,status_change_10000_active_31_1768352452,[object Object],Wed Jan 14 2026 09:00:52 GMT+0800 (China Standard Time)
65,10000,31,active,active,测试自我状态修改-正常修改,status_change_10000_active_31_1768392817,[object Object],Wed Jan 14 2026 20:13:37 GMT+0800 (China Standard Time)
66,10000,31,active,active,测试自我状态修改-正常修改,status_change_10000_active_31_1768392983,[object Object],Wed Jan 14 2026 20:16:23 GMT+0800 (China Standard Time)
67,10000,31,active,active,测试自我状态修改-正常修改,status_change_10000_active_31_1768393053,[object Object],Wed Jan 14 2026 20:17:33 GMT+0800 (China Standard Time)
68,10000,31,active,active,测试自我状态修改-正常修改,status_change_10000_active_31_1768393743,[object Object],Wed Jan 14 2026 20:29:03 GMT+0800 (China Standard Time)
69,10000,31,active,active,测试自我状态修改-正常修改,status_change_10000_active_31_1768431097,[object Object],Thu Jan 15 2026 06:51:37 GMT+0800 (China Standard Time)
70,10000,31,active,active,测试自我状态修改-正常修改,status_change_10000_active_31_1768434452,[object Object],Thu Jan 15 2026 07:47:32 GMT+0800 (China Standard Time)
71,10000,31,active,active,测试自我状态修改-正常修改,status_change_10000_active_31_1768435070,[object Object],Thu Jan 15 2026 07:57:50 GMT+0800 (China Standard Time)
72,10000,31,active,active,测试自我状态修改-正常修改,status_change_10000_active_31_1768435082,[object Object],Thu Jan 15 2026 07:58:02 GMT+0800 (China Standard Time)
73,10000,31,active,active,测试自我状态修改-正常修改,status_change_10000_active_31_1768698048,[object Object],Sun Jan 18 2026 09:00:48 GMT+0800 (China Standard Time)
74,10000,31,active,active,测试自我状态修改-正常修改,status_change_10000_active_31_1768698886,[object Object],Sun Jan 18 2026 09:14:46 GMT+0800 (China Standard Time)
75,10000,31,active,active,测试自我状态修改-正常修改,status_change_10000_active_31_1768698998,[object Object],Sun Jan 18 2026 09:16:38 GMT+0800 (China Standard Time)
76,10000,31,active,active,测试自我状态修改-正常修改,status_change_10000_active_31_1768700313,[object Object],Sun Jan 18 2026 09:38:33 GMT+0800 (China Standard Time)
77,10000,31,active,active,测试自我状态修改-正常修改,status_change_10000_active_31_1768771921,[object Object],Mon Jan 19 2026 05:32:01 GMT+0800 (China Standard Time)
78,10000,31,active,active,测试自我状态修改-正常修改,status_change_10000_active_31_1768782968,[object Object],Mon Jan 19 2026 08:36:08 GMT+0800 (China Standard Time)
79,10000,31,active,active,测试自我状态修改-正常修改,status_change_10000_active_31_1768783789,[object Object],Mon Jan 19 2026 08:49:49 GMT+0800 (China Standard Time)
80,10000,31,active,active,测试自我状态修改-正常修改,status_change_10000_active_31_1768784026,[object Object],Mon Jan 19 2026 08:53:46 GMT+0800 (China Standard Time)
81,10000,31,active,active,测试自我状态修改-正常修改,status_change_10000_active_31_1768804267,[object Object],Mon Jan 19 2026 14:31:07 GMT+0800 (China Standard Time)
82,10000,31,active,active,测试自我状态修改-正常修改,status_change_10000_active_31_1768805166,[object Object],Mon Jan 19 2026 14:46:06 GMT+0800 (China Standard Time)
83,10000,31,active,active,测试自我状态修改-正常修改,status_change_10000_active_31_1768830493,[object Object],Mon Jan 19 2026 21:48:13 GMT+0800 (China Standard Time)
84,10000,31,active,active,测试自我状态修改-正常修改,status_change_10000_active_31_1768833006,[object Object],Mon Jan 19 2026 22:30:06 GMT+0800 (China Standard Time)
85,10000,31,active,active,测试自我状态修改-正常修改,status_change_10000_active_31_1768833170,[object Object],Mon Jan 19 2026 22:32:50 GMT+0800 (China Standard Time)
86,10000,31,active,active,测试自我状态修改-正常修改,status_change_10000_active_31_1768833946,[object Object],Mon Jan 19 2026 22:45:46 GMT+0800 (China Standard Time)
87,10000,31,active,active,测试自我状态修改-正常修改,status_change_10000_active_31_1768834199,[object Object],Mon Jan 19 2026 22:49:59 GMT+0800 (China Standard Time)
88,10000,31,active,active,测试自我状态修改-正常修改,status_change_10000_active_31_1768834255,[object Object],Mon Jan 19 2026 22:50:55 GMT+0800 (China Standard Time)
89,10000,31,active,active,测试自我状态修改-正常修改,status_change_10000_active_31_1768834732,[object Object],Mon Jan 19 2026 22:58:52 GMT+0800 (China Standard Time)
90,10000,31,active,active,测试自我状态修改-正常修改,status_change_10000_active_31_1768834750,[object Object],Mon Jan 19 2026 22:59:10 GMT+0800 (China Standard Time)
91,10000,31,active,active,测试自我状态修改-正常修改,status_change_10000_active_31_1768834803,[object Object],Mon Jan 19 2026 23:00:03 GMT+0800 (China Standard Time)
92,10000,31,active,active,测试自我状态修改-正常修改,status_change_10000_active_31_1768836069,[object Object],Mon Jan 19 2026 23:21:09 GMT+0800 (China Standard Time)
93,10000,31,active,active,测试自我状态修改-正常修改,status_change_10000_active_31_1768836537,[object Object],Mon Jan 19 2026 23:28:57 GMT+0800 (China Standard Time)
94,10000,31,active,active,测试自我状态修改-正常修改,status_change_10000_active_31_1768837601,[object Object],Mon Jan 19 2026 23:46:41 GMT+0800 (China Standard Time)
95,10000,31,active,active,测试自我状态修改-正常修改,status_change_10000_active_31_1768837640,[object Object],Mon Jan 19 2026 23:47:20 GMT+0800 (China Standard Time)
96,10000,31,active,active,测试自我状态修改-正常修改,status_change_10000_active_31_1768839015,[object Object],Tue Jan 20 2026 00:10:15 GMT+0800 (China Standard Time)
97,10000,31,active,active,测试自我状态修改-正常修改,status_change_10000_active_31_1768839025,[object Object],Tue Jan 20 2026 00:10:25 GMT+0800 (China Standard Time)
98,10000,31,active,active,测试自我状态修改-正常修改,status_change_10000_active_31_1768839118,[object Object],Tue Jan 20 2026 00:11:58 GMT+0800 (China Standard Time)
99,10000,31,active,active,测试自我状态修改-正常修改,status_change_10000_active_31_1768839183,[object Object],Tue Jan 20 2026 00:13:03 GMT+0800 (China Standard Time)
100,10000,31,active,active,测试自我状态修改-正常修改,status_change_10000_active_31_1768840196,[object Object],Tue Jan 20 2026 00:29:56 GMT+0800 (China Standard Time)
101,10000,31,active,active,测试自我状态修改-正常修改,status_change_10000_active_31_1768840545,[object Object],Tue Jan 20 2026 00:35:45 GMT+0800 (China Standard Time)
102,10000,31,active,active,测试自我状态修改-正常修改,status_change_10000_active_31_1768840572,[object Object],Tue Jan 20 2026 00:36:12 GMT+0800 (China Standard Time)
103,10000,31,active,active,测试自我状态修改-正常修改,status_change_10000_active_31_1768840793,[object Object],Tue Jan 20 2026 00:39:53 GMT+0800 (China Standard Time)
104,10000,31,active,active,测试自我状态修改-正常修改,status_change_10000_active_31_1768840810,[object Object],Tue Jan 20 2026 00:40:10 GMT+0800 (China Standard Time)
105,10000,31,active,active,测试自我状态修改-正常修改,status_change_10000_active_31_1768840872,[object Object],Tue Jan 20 2026 00:41:12 GMT+0800 (China Standard Time)
106,10000,31,active,active,测试自我状态修改-正常修改,status_change_10000_active_31_1768840929,[object Object],Tue Jan 20 2026 00:42:09 GMT+0800 (China Standard Time)
107,10000,31,active,active,测试自我状态修改-正常修改,status_change_10000_active_31_1768841125,[object Object],Tue Jan 20 2026 00:45:25 GMT+0800 (China Standard Time)
108,10000,31,active,active,测试自我状态修改-正常修改,status_change_10000_active_31_1768841195,[object Object],Tue Jan 20 2026 00:46:35 GMT+0800 (China Standard Time)
109,10000,31,active,active,测试自我状态修改-正常修改,status_change_10000_active_31_1768841506,[object Object],Tue Jan 20 2026 00:51:46 GMT+0800 (China Standard Time)
110,10000,31,active,active,测试自我状态修改-正常修改,status_change_10000_active_31_1768841685,[object Object],Tue Jan 20 2026 00:54:45 GMT+0800 (China Standard Time)
111,10000,31,active,active,测试自我状态修改-正常修改,status_change_10000_active_31_1768841763,[object Object],Tue Jan 20 2026 00:56:03 GMT+0800 (China Standard Time)
112,10000,31,active,active,测试自我状态修改-正常修改,status_change_10000_active_31_1768841871,[object Object],Tue Jan 20 2026 00:57:51 GMT+0800 (China Standard Time)
113,10000,31,active,active,测试自我状态修改-正常修改,status_change_10000_active_31_1768841935,[object Object],Tue Jan 20 2026 00:58:55 GMT+0800 (China Standard Time)
114,10000,31,active,active,测试自我状态修改-正常修改,status_change_10000_active_31_1768841948,[object Object],Tue Jan 20 2026 00:59:08 GMT+0800 (China Standard Time)
115,10000,31,active,active,测试自我状态修改-正常修改,status_change_10000_active_31_1768842079,[object Object],Tue Jan 20 2026 01:01:19 GMT+0800 (China Standard Time)
116,10000,31,active,active,测试自我状态修改-正常修改,status_change_10000_active_31_1768842091,[object Object],Tue Jan 20 2026 01:01:31 GMT+0800 (China Standard Time)
117,10000,31,active,active,测试自我状态修改-正常修改,status_change_10000_active_31_1768842094,[object Object],Tue Jan 20 2026 01:01:34 GMT+0800 (China Standard Time)
118,10000,31,active,active,测试自我状态修改-正常修改,status_change_10000_active_31_1768842342,[object Object],Tue Jan 20 2026 01:05:42 GMT+0800 (China Standard Time)
119,10000,31,active,active,测试自我状态修改-正常修改,status_change_10000_active_31_1768842345,[object Object],Tue Jan 20 2026 01:05:45 GMT+0800 (China Standard Time)
120,10000,31,active,active,测试自我状态修改-正常修改,status_change_10000_active_31_1768842550,[object Object],Tue Jan 20 2026 01:09:10 GMT+0800 (China Standard Time)
121,10000,31,active,active,测试自我状态修改-正常修改,status_change_10000_active_31_1768842569,[object Object],Tue Jan 20 2026 01:09:29 GMT+0800 (China Standard Time)
122,10000,31,active,active,测试自我状态修改-正常修改,status_change_10000_active_31_1768842618,[object Object],Tue Jan 20 2026 01:10:18 GMT+0800 (China Standard Time)
123,10000,31,active,active,测试自我状态修改-正常修改,status_change_10000_active_31_1768842705,[object Object],Tue Jan 20 2026 01:11:45 GMT+0800 (China Standard Time)
124,10000,31,active,active,测试自我状态修改-正常修改,status_change_10000_active_31_1768861055,[object Object],Tue Jan 20 2026 06:17:35 GMT+0800 (China Standard Time)
125,10000,31,active,active,测试自我状态修改-正常修改,status_change_10000_active_31_1768861535,[object Object],Tue Jan 20 2026 06:25:35 GMT+0800 (China Standard Time)
126,10000,31,active,active,测试自我状态修改-正常修改,status_change_10000_active_31_1768862513,[object Object],Tue Jan 20 2026 06:41:53 GMT+0800 (China Standard Time)
127,10000,31,active,active,测试自我状态修改-正常修改,status_change_10000_active_31_1768862898,[object Object],Tue Jan 20 2026 06:48:18 GMT+0800 (China Standard Time)
128,10000,31,active,active,测试自我状态修改-正常修改,status_change_10000_active_31_1768863037,[object Object],Tue Jan 20 2026 06:50:37 GMT+0800 (China Standard Time)
129,10000,31,active,active,测试自我状态修改-正常修改,status_change_10000_active_31_1768863231,[object Object],Tue Jan 20 2026 06:53:51 GMT+0800 (China Standard Time)
130,10000,31,active,active,测试自我状态修改-正常修改,status_change_10000_active_31_1768863591,[object Object],Tue Jan 20 2026 06:59:51 GMT+0800 (China Standard Time)
131,10000,31,active,active,测试自我状态修改-正常修改,status_change_10000_active_31_1768863601,[object Object],Tue Jan 20 2026 07:00:01 GMT+0800 (China Standard Time)
132,10000,31,active,active,测试自我状态修改-正常修改,status_change_10000_active_31_1768863781,[object Object],Tue Jan 20 2026 07:03:01 GMT+0800 (China Standard Time)
133,10000,31,active,active,测试自我状态修改-正常修改,status_change_10000_active_31_1768865824,[object Object],Tue Jan 20 2026 07:37:04 GMT+0800 (China Standard Time)
134,10000,31,active,active,测试自我状态修改-正常修改,status_change_10000_active_31_1768894730,[object Object],Tue Jan 20 2026 15:38:50 GMT+0800 (China Standard Time)
135,10000,31,active,active,测试自我状态修改-正常修改,status_change_10000_active_31_1768895117,[object Object],Tue Jan 20 2026 15:45:17 GMT+0800 (China Standard Time)
136,10000,31,active,active,测试自我状态修改-正常修改,status_change_10000_active_31_1768895355,[object Object],Tue Jan 20 2026 15:49:15 GMT+0800 (China Standard Time)
137,10000,31,active,active,测试自我状态修改-正常修改,status_change_10000_active_31_1768896230,[object Object],Tue Jan 20 2026 16:03:50 GMT+0800 (China Standard Time)
138,10000,31,active,active,测试自我状态修改-正常修改,status_change_10000_active_31_1768896816,[object Object],Tue Jan 20 2026 16:13:36 GMT+0800 (China Standard Time)
139,10000,31,active,active,测试自我状态修改-正常修改,status_change_10000_active_31_1768897313,[object Object],Tue Jan 20 2026 16:21:53 GMT+0800 (China Standard Time)
140,10000,31,active,active,测试自我状态修改-正常修改,status_change_10000_active_31_1768897466,[object Object],Tue Jan 20 2026 16:24:26 GMT+0800 (China Standard Time)
141,10000,31,active,active,测试自我状态修改-正常修改,status_change_10000_active_31_1768905397,[object Object],Tue Jan 20 2026 18:36:37 GMT+0800 (China Standard Time)
142,10000,31,active,active,测试自我状态修改-正常修改,status_change_10000_active_31_1768906054,[object Object],Tue Jan 20 2026 18:47:34 GMT+0800 (China Standard Time)
143,10000,31,active,active,测试自我状态修改-正常修改,status_change_10000_active_31_1768906236,[object Object],Tue Jan 20 2026 18:50:36 GMT+0800 (China Standard Time)
144,10000,31,active,active,测试自我状态修改-正常修改,status_change_10000_active_31_1768906644,[object Object],Tue Jan 20 2026 18:57:24 GMT+0800 (China Standard Time)
145,10000,31,active,active,测试自我状态修改-正常修改,status_change_10000_active_31_1768922304,[object Object],Tue Jan 20 2026 23:18:24 GMT+0800 (China Standard Time)
146,10000,31,active,active,测试自我状态修改-正常修改,status_change_10000_active_31_1768924741,[object Object],Tue Jan 20 2026 23:59:01 GMT+0800 (China Standard Time)
147,10000,31,active,active,测试自我状态修改-正常修改,status_change_10000_active_31_1768927904,[object Object],Wed Jan 21 2026 00:51:44 GMT+0800 (China Standard Time)
148,10000,31,active,active,测试自我状态修改-正常修改,status_change_10000_active_31_1768929163,[object Object],Wed Jan 21 2026 01:12:43 GMT+0800 (China Standard Time)
149,10000,31,active,active,测试自我状态修改-正常修改,status_change_10000_active_31_1768929479,[object Object],Wed Jan 21 2026 01:17:59 GMT+0800 (China Standard Time)
150,10000,31,active,active,测试自我状态修改-正常修改,status_change_10000_active_31_1768929854,[object Object],Wed Jan 21 2026 01:24:14 GMT+0800 (China Standard Time)
151,10000,31,active,active,测试自我状态修改-正常修改,status_change_10000_active_31_1768930032,[object Object],Wed Jan 21 2026 01:27:12 GMT+0800 (China Standard Time)
152,10000,31,active,active,测试自我状态修改-正常修改,status_change_10000_active_31_1768942457,[object Object],Wed Jan 21 2026 04:54:17 GMT+0800 (China Standard Time)
153,10000,31,active,active,测试自我状态修改-正常修改,status_change_10000_active_31_1768942719,[object Object],Wed Jan 21 2026 04:58:39 GMT+0800 (China Standard Time)
154,10000,31,active,active,测试自我状态修改-正常修改,status_change_10000_active_31_1768942752,[object Object],Wed Jan 21 2026 04:59:12 GMT+0800 (China Standard Time)
155,10000,31,active,active,测试自我状态修改-正常修改,status_change_10000_active_31_1768942870,[object Object],Wed Jan 21 2026 05:01:10 GMT+0800 (China Standard Time)
156,10000,31,active,active,测试自我状态修改-正常修改,status_change_10000_active_31_1768942969,[object Object],Wed Jan 21 2026 05:02:49 GMT+0800 (China Standard Time)
157,10000,31,active,active,测试自我状态修改-正常修改,status_change_10000_active_31_1768943119,[object Object],Wed Jan 21 2026 05:05:19 GMT+0800 (China Standard Time)
158,10000,31,active,active,测试自我状态修改-正常修改,status_change_10000_active_31_1768943355,[object Object],Wed Jan 21 2026 05:09:15 GMT+0800 (China Standard Time)
159,10000,31,active,active,测试自我状态修改-正常修改,status_change_10000_active_31_1768943580,[object Object],Wed Jan 21 2026 05:13:00 GMT+0800 (China Standard Time)
160,10000,31,active,active,测试自我状态修改-正常修改,status_change_10000_active_31_1768943775,[object Object],Wed Jan 21 2026 05:16:15 GMT+0800 (China Standard Time)
161,10000,31,active,active,测试自我状态修改-正常修改,status_change_10000_active_31_1768945215,[object Object],Wed Jan 21 2026 05:40:15 GMT+0800 (China Standard Time)
162,10000,31,active,active,测试自我状态修改-正常修改,status_change_10000_active_31_1768945270,[object Object],Wed Jan 21 2026 05:41:10 GMT+0800 (China Standard Time)
163,10000,31,active,active,测试自我状态修改-正常修改,status_change_10000_active_31_1768945353,[object Object],Wed Jan 21 2026 05:42:33 GMT+0800 (China Standard Time)
164,10000,31,active,active,测试自我状态修改-正常修改,status_change_10000_active_31_1768945936,[object Object],Wed Jan 21 2026 05:52:16 GMT+0800 (China Standard Time)
165,10000,31,active,active,测试自我状态修改-正常修改,status_change_10000_active_31_1768945989,[object Object],Wed Jan 21 2026 05:53:09 GMT+0800 (China Standard Time)
166,10000,31,active,active,测试自我状态修改-正常修改,status_change_10000_active_31_1768946077,[object Object],Wed Jan 21 2026 05:54:37 GMT+0800 (China Standard Time)
167,10000,31,active,active,测试自我状态修改-正常修改,status_change_10000_active_31_1768946152,[object Object],Wed Jan 21 2026 05:55:52 GMT+0800 (China Standard Time)
168,10000,31,active,active,测试自我状态修改-正常修改,status_change_10000_active_31_1768946279,[object Object],Wed Jan 21 2026 05:57:59 GMT+0800 (China Standard Time)
169,10000,31,active,active,测试自我状态修改-正常修改,status_change_10000_active_31_1768946311,[object Object],Wed Jan 21 2026 05:58:31 GMT+0800 (China Standard Time)
170,10000,31,active,active,测试自我状态修改-正常修改,status_change_10000_active_31_1768946406,[object Object],Wed Jan 21 2026 06:00:06 GMT+0800 (China Standard Time)
171,10000,31,active,active,测试自我状态修改-正常修改,status_change_10000_active_31_1768946457,[object Object],Wed Jan 21 2026 06:00:57 GMT+0800 (China Standard Time)
172,10000,31,active,active,测试自我状态修改-正常修改,status_change_10000_active_31_1768946472,[object Object],Wed Jan 21 2026 06:01:12 GMT+0800 (China Standard Time)
173,10000,31,active,active,测试自我状态修改-正常修改,status_change_10000_active_31_1768946646,[object Object],Wed Jan 21 2026 06:04:06 GMT+0800 (China Standard Time)
174,10000,31,active,active,测试自我状态修改-正常修改,status_change_10000_active_31_1768947202,[object Object],Wed Jan 21 2026 06:13:22 GMT+0800 (China Standard Time)
175,10000,31,active,active,测试自我状态修改-正常修改,status_change_10000_active_31_1768988659,[object Object],Wed Jan 21 2026 17:44:19 GMT+0800 (China Standard Time)
176,10000,31,active,active,测试自我状态修改-正常修改,status_change_10000_active_31_1768989291,[object Object],Wed Jan 21 2026 17:54:51 GMT+0800 (China Standard Time)
177,11114,135,active,banned,管理员手动封禁,status_change_11114_banned_135_1769002507,[object Object],Wed Jan 21 2026 21:35:07 GMT+0800 (China Standard Time)
178,11114,135,banned,active,管理员手动解封,status_change_11114_active_135_1769002509,[object Object],Wed Jan 21 2026 21:35:09 GMT+0800 (China Standard Time)
179,10000,31,active,active,测试自我状态修改-正常修改,status_change_10000_active_31_1769005210,[object Object],Wed Jan 21 2026 22:20:10 GMT+0800 (China Standard Time)
180,10000,31,active,active,测试自我状态修改-正常修改,status_change_10000_active_31_1769005420,[object Object],Wed Jan 21 2026 22:23:40 GMT+0800 (China Standard Time)
181,10000,31,active,active,测试自我状态修改-正常修改,status_change_10000_active_31_1769007330,[object Object],Wed Jan 21 2026 22:55:30 GMT+0800 (China Standard Time)
182,10000,31,active,active,测试自我状态修改-正常修改,status_change_10000_active_31_1769010802,[object Object],Wed Jan 21 2026 23:53:22 GMT+0800 (China Standard Time)
183,10000,31,active,active,测试自我状态修改-正常修改,status_change_10000_active_31_1769011934,[object Object],Thu Jan 22 2026 00:12:14 GMT+0800 (China Standard Time)
184,10000,31,active,active,测试自我状态修改-正常修改,status_change_10000_active_31_1769013267,[object Object],Thu Jan 22 2026 00:34:27 GMT+0800 (China Standard Time)
185,10000,31,active,active,测试自我状态修改-正常修改,status_change_10000_active_31_1769013538,[object Object],Thu Jan 22 2026 00:38:58 GMT+0800 (China Standard Time)
186,10000,31,active,active,测试自我状态修改-正常修改,status_change_10000_active_31_1769013549,[object Object],Thu Jan 22 2026 00:39:09 GMT+0800 (China Standard Time)
187,10000,31,active,active,测试自我状态修改-正常修改,status_change_10000_active_31_1769013757,[object Object],Thu Jan 22 2026 00:42:37 GMT+0800 (China Standard Time)
188,10000,31,active,active,测试自我状态修改-正常修改,status_change_10000_active_31_1769013836,[object Object],Thu Jan 22 2026 00:43:56 GMT+0800 (China Standard Time)
189,10000,31,active,active,测试自我状态修改-正常修改,status_change_10000_active_31_1769013915,[object Object],Thu Jan 22 2026 00:45:15 GMT+0800 (China Standard Time)
190,10000,31,active,active,测试自我状态修改-正常修改,status_change_10000_active_31_1769017642,[object Object],Thu Jan 22 2026 01:47:22 GMT+0800 (China Standard Time)
191,10000,31,active,active,测试自我状态修改-正常修改,status_change_10000_active_31_1769017678,[object Object],Thu Jan 22 2026 01:47:58 GMT+0800 (China Standard Time)
192,10000,31,active,active,测试自我状态修改-正常修改,status_change_10000_active_31_1769018902,[object Object],Thu Jan 22 2026 02:08:22 GMT+0800 (China Standard Time)
193,10000,31,active,active,测试自我状态修改-正常修改,status_change_10000_active_31_1769019646,[object Object],Thu Jan 22 2026 02:20:46 GMT+0800 (China Standard Time)
194,10000,31,active,active,测试自我状态修改-正常修改,status_change_10000_active_31_1769020178,[object Object],Thu Jan 22 2026 02:29:38 GMT+0800 (China Standard Time)
195,10000,31,active,active,测试自我状态修改-正常修改,status_change_10000_active_31_1769370060,[object Object],Mon Jan 26 2026 03:41:00 GMT+0800 (China Standard Time)
196,10000,31,active,active,测试自我状态修改-正常修改,status_change_10000_active_31_1769371956,[object Object],Mon Jan 26 2026 04:12:36 GMT+0800 (China Standard Time)
197,11132,31,active,inactive,状态变更: active → inactive,status_change_11132_inactive_31_1769382925,[object Object],Mon Jan 26 2026 07:15:25 GMT+0800 (China Standard Time)
198,11132,31,inactive,inactive,状态变更: inactive → inactive,status_change_11132_inactive_31_1769383875,[object Object],Mon Jan 26 2026 07:31:15 GMT+0800 (China Standard Time)
199,11132,31,inactive,active,状态变更: inactive → active,status_change_11132_active_31_1769383878,[object Object],Mon Jan 26 2026 07:31:18 GMT+0800 (China Standard Time)
200,10000,31,active,active,测试自我状态修改-正常修改,status_change_10000_active_31_1769439542,[object Object],Mon Jan 26 2026 22:59:02 GMT+0800 (China Standard Time)
201,10000,31,active,active,测试自我状态修改-正常修改,status_change_10000_active_31_1769440384,[object Object],Mon Jan 26 2026 23:13:04 GMT+0800 (China Standard Time)
202,10000,31,active,active,测试自我状态修改-正常修改,status_change_10000_active_31_1769443103,[object Object],Mon Jan 26 2026 23:58:23 GMT+0800 (China Standard Time)
203,10000,31,active,active,测试自我状态修改-正常修改,status_change_10000_active_31_1769443126,[object Object],Mon Jan 26 2026 23:58:46 GMT+0800 (China Standard Time)
204,10000,31,active,active,测试自我状态修改-正常修改,status_change_10000_active_31_1769443406,[object Object],Tue Jan 27 2026 00:03:26 GMT+0800 (China Standard Time)
205,10000,31,active,active,测试自我状态修改-正常修改,status_change_10000_active_31_1769527136,[object Object],Tue Jan 27 2026 23:18:56 GMT+0800 (China Standard Time)
206,10000,31,active,active,测试自我状态修改-正常修改,status_change_10000_active_31_1769530435,[object Object],Wed Jan 28 2026 00:13:55 GMT+0800 (China Standard Time)
207,10000,31,active,active,测试自我状态修改-正常修改,status_change_10000_active_31_1769531911,[object Object],Wed Jan 28 2026 00:38:31 GMT+0800 (China Standard Time)
208,10000,31,active,active,测试自我状态修改-正常修改,status_change_10000_active_31_1769537614,[object Object],Wed Jan 28 2026 02:13:34 GMT+0800 (China Standard Time)
209,10000,31,active,active,测试自我状态修改-正常修改,status_change_10000_active_31_1769538454,[object Object],Wed Jan 28 2026 02:27:34 GMT+0800 (China Standard Time)
210,10000,31,active,active,测试自我状态修改-正常修改,status_change_10000_active_31_1769538529,[object Object],Wed Jan 28 2026 02:28:49 GMT+0800 (China Standard Time)
211,10000,31,active,active,测试自我状态修改-正常修改,status_change_10000_active_31_1769552319,[object Object],Wed Jan 28 2026 06:18:39 GMT+0800 (China Standard Time)
212,10000,31,active,active,测试自我状态修改-正常修改,status_change_10000_active_31_1769552701,[object Object],Wed Jan 28 2026 06:25:01 GMT+0800 (China Standard Time)
213,10000,31,active,active,测试自我状态修改-正常修改,status_change_10000_active_31_1769552898,[object Object],Wed Jan 28 2026 06:28:18 GMT+0800 (China Standard Time)
214,10000,31,active,active,测试自我状态修改-正常修改,status_change_10000_active_31_1769553805,[object Object],Wed Jan 28 2026 06:43:25 GMT+0800 (China Standard Time)
215,10000,31,active,active,测试自我状态修改-正常修改,status_change_10000_active_31_1769554040,[object Object],Wed Jan 28 2026 06:47:20 GMT+0800 (China Standard Time)
216,10000,31,active,active,测试自我状态修改-正常修改,status_change_10000_active_31_1769554559,[object Object],Wed Jan 28 2026 06:55:59 GMT+0800 (China Standard Time)
217,10000,31,active,active,测试自我状态修改-正常修改,status_change_10000_active_31_1769554878,[object Object],Wed Jan 28 2026 07:01:18 GMT+0800 (China Standard Time)
218,10000,31,active,active,测试自我状态修改-正常修改,status_change_10000_active_31_1769557630,[object Object],Wed Jan 28 2026 07:47:10 GMT+0800 (China Standard Time)
219,10000,31,active,active,测试自我状态修改-正常修改,status_change_10000_active_31_1769557657,[object Object],Wed Jan 28 2026 07:47:37 GMT+0800 (China Standard Time)
220,10000,31,active,active,测试自我状态修改-正常修改,status_change_10000_active_31_1769557661,[object Object],Wed Jan 28 2026 07:47:41 GMT+0800 (China Standard Time)
221,10000,31,active,active,测试自我状态修改-正常修改,status_change_10000_active_31_1769612814,[object Object],Wed Jan 28 2026 23:06:54 GMT+0800 (China Standard Time)
222,10000,31,active,active,测试自我状态修改-正常修改,status_change_10000_active_31_1769618728,[object Object],Thu Jan 29 2026 00:45:28 GMT+0800 (China Standard Time)
223,10000,31,active,active,测试自我状态修改-正常修改,status_change_10000_active_31_1769636912,[object Object],Thu Jan 29 2026 05:48:32 GMT+0800 (China Standard Time)
228,10000,31,active,active,测试自我状态修改-正常修改,status_change_10000_active_31_1769642693,[object Object],Thu Jan 29 2026 07:24:53 GMT+0800 (China Standard Time)
234,10000,31,active,active,测试自我状态修改-正常修改,status_change_10000_active_31_1769776867,[object Object],Fri Jan 30 2026 20:41:07 GMT+0800 (China Standard Time)
235,10000,31,active,active,测试自我状态修改-正常修改,status_change_10000_active_31_1769779338,[object Object],Fri Jan 30 2026 21:22:18 GMT+0800 (China Standard Time)
236,10000,31,active,active,测试自我状态修改-正常修改,status_change_10000_active_31_1769780211,[object Object],Fri Jan 30 2026 21:36:51 GMT+0800 (China Standard Time)
237,10000,31,active,active,测试自我状态修改-正常修改,status_change_10000_active_31_1769786303,[object Object],Fri Jan 30 2026 23:18:23 GMT+0800 (China Standard Time)
239,10000,31,active,active,测试自我状态修改-正常修改,status_change_10000_active_31_1769973912,[object Object],Mon Feb 02 2026 03:25:12 GMT+0800 (China Standard Time)
240,10000,31,active,active,测试自我状态修改-正常修改,status_change_10000_active_31_1770026883,[object Object],Mon Feb 02 2026 18:08:03 GMT+0800 (China Standard Time)
242,10000,31,active,active,测试自我状态修改-正常修改,status_change_10000_active_31_1770102084,[object Object],Tue Feb 03 2026 15:01:24 GMT+0800 (China Standard Time)
244,10000,31,active,active,测试自我状态修改-正常修改,status_change_10000_active_31_1770102718,[object Object],Tue Feb 03 2026 15:11:58 GMT+0800 (China Standard Time)
245,10000,31,active,active,测试自我状态修改-正常修改,status_change_10000_active_31_1770102739,[object Object],Tue Feb 03 2026 15:12:19 GMT+0800 (China Standard Time)
247,10000,31,active,active,测试自我状态修改-正常修改,status_change_10000_active_31_1770151982,[object Object],Wed Feb 04 2026 04:53:02 GMT+0800 (China Standard Time)
249,10000,31,active,active,测试自我状态修改-正常修改,status_change_10000_active_31_1770151991,[object Object],Wed Feb 04 2026 04:53:11 GMT+0800 (China Standard Time)
252,10000,31,active,active,测试自我状态修改-正常修改,status_change_10000_active_31_1770167122,[object Object],Wed Feb 04 2026 09:05:22 GMT+0800 (China Standard Time)
254,10000,31,active,active,测试自我状态修改-正常修改,status_change_10000_active_31_1770289038,[object Object],Thu Feb 05 2026 18:57:18 GMT+0800 (China Standard Time)
257,10000,31,active,active,测试自我状态修改-正常修改,status_change_10000_active_31_1771433767,[object Object],Thu Feb 19 2026 00:56:07 GMT+0800 (China Standard Time)
258,10000,31,active,active,测试自我状态修改-正常修改,status_change_10000_active_31_1771579654,[object Object],Fri Feb 20 2026 17:27:34 GMT+0800 (China Standard Time)
259,10000,31,active,active,测试自我状态修改-正常修改,status_change_10000_active_31_1771579789,[object Object],Fri Feb 20 2026 17:29:49 GMT+0800 (China Standard Time)
261,10000,31,active,active,测试自我状态修改-正常修改,status_change_10000_active_31_1771582504,[object Object],Fri Feb 20 2026 18:15:04 GMT+0800 (China Standard Time)
262,10000,31,active,active,测试自我状态修改-正常修改,status_change_10000_active_31_1771595208,[object Object],Fri Feb 20 2026 21:46:48 GMT+0800 (China Standard Time)
264,10000,31,active,active,测试自我状态修改-正常修改,status_change_10000_active_31_1771609919,[object Object],Sat Feb 21 2026 01:51:59 GMT+0800 (China Standard Time)
267,10000,31,active,active,测试自我状态修改-正常修改,status_change_10000_active_31_1771675700,[object Object],Sat Feb 21 2026 20:08:20 GMT+0800 (China Standard Time)
268,10000,31,active,active,测试自我状态修改-正常修改,status_change_10000_active_31_1771681846,[object Object],Sat Feb 21 2026 21:50:46 GMT+0800 (China Standard Time)
269,10000,31,active,active,测试自我状态修改-正常修改,status_change_10000_active_31_1771681877,[object Object],Sat Feb 21 2026 21:51:17 GMT+0800 (China Standard Time)
270,10000,31,active,active,测试自我状态修改-正常修改,status_change_10000_active_31_1771682490,[object Object],Sat Feb 21 2026 22:01:30 GMT+0800 (China Standard Time)
271,10000,31,active,active,测试自我状态修改-正常修改,status_change_10000_active_31_1771683626,[object Object],Sat Feb 21 2026 22:20:26 GMT+0800 (China Standard Time)
272,10000,31,active,active,测试自我状态修改-正常修改,status_change_10000_active_31_1771760325,[object Object],Sun Feb 22 2026 19:38:45 GMT+0800 (China Standard Time)
273,10000,31,active,active,测试自我状态修改-正常修改,status_change_10000_active_31_1771760367,[object Object],Sun Feb 22 2026 19:39:27 GMT+0800 (China Standard Time)
274,10000,31,active,active,测试自我状态修改-正常修改,status_change_10000_active_31_1771760414,[object Object],Sun Feb 22 2026 19:40:14 GMT+0800 (China Standard Time)
275,10000,31,active,active,测试自我状态修改-正常修改,status_change_10000_active_31_1771760456,[object Object],Sun Feb 22 2026 19:40:56 GMT+0800 (China Standard Time)
279,10000,31,active,active,测试自我状态修改-正常修改,status_change_10000_active_31_1771773741,[object Object],Sun Feb 22 2026 23:22:21 GMT+0800 (China Standard Time)
282,10000,31,active,active,测试自我状态修改-正常修改,status_change_10000_active_31_1771796857,[object Object],Mon Feb 23 2026 05:47:37 GMT+0800 (China Standard Time)
283,10000,31,active,active,测试自我状态修改-正常修改,status_change_10000_active_31_1771797059,[object Object],Mon Feb 23 2026 05:50:59 GMT+0800 (China Standard Time)
285,10000,31,active,active,测试自我状态修改-正常修改,status_change_10000_active_31_1771801306,[object Object],Mon Feb 23 2026 07:01:46 GMT+0800 (China Standard Time)
287,10000,31,active,active,测试自我状态修改-正常修改,status_change_10000_active_31_1771834584,[object Object],Mon Feb 23 2026 16:16:24 GMT+0800 (China Standard Time)
289,10000,31,active,active,测试自我状态修改-正常修改,status_change_10000_active_31_1771834669,[object Object],Mon Feb 23 2026 16:17:49 GMT+0800 (China Standard Time)
291,10000,31,active,active,测试自我状态修改-正常修改,status_change_10000_active_31_1771838408,[object Object],Mon Feb 23 2026 17:20:08 GMT+0800 (China Standard Time)
292,10000,31,active,active,测试自我状态修改-正常修改,status_change_10000_active_31_1771838465,[object Object],Mon Feb 23 2026 17:21:05 GMT+0800 (China Standard Time)
297,10000,31,active,active,测试自我状态修改-正常修改,status_change_10000_active_31_1771875861,[object Object],Tue Feb 24 2026 03:44:21 GMT+0800 (China Standard Time)
301,10000,31,active,active,测试自我状态修改-正常修改,status_change_10000_active_31_1772412709,[object Object],Mon Mar 02 2026 08:51:49 GMT+0800 (China Standard Time)
302,10000,31,active,active,测试自我状态修改-正常修改,status_change_10000_active_31_1772412794,[object Object],Mon Mar 02 2026 08:53:14 GMT+0800 (China Standard Time)
304,10000,31,active,active,测试自我状态修改-正常修改,status_change_10000_active_31_1772415429,[object Object],Mon Mar 02 2026 09:37:09 GMT+0800 (China Standard Time)
305,10000,31,active,active,测试自我状态修改-正常修改,status_change_10000_active_31_1772456241,[object Object],Mon Mar 02 2026 20:57:21 GMT+0800 (China Standard Time)
306,10000,31,active,active,测试自我状态修改-正常修改,status_change_10000_active_31_1772456315,[object Object],Mon Mar 02 2026 20:58:35 GMT+0800 (China Standard Time)
307,10000,31,active,active,测试自我状态修改-正常修改,status_change_10000_active_31_1772456376,[object Object],Mon Mar 02 2026 20:59:36 GMT+0800 (China Standard Time)
308,10000,31,active,active,测试自我状态修改-正常修改,status_change_10000_active_31_1772456692,[object Object],Mon Mar 02 2026 21:04:52 GMT+0800 (China Standard Time)
309,10000,31,active,active,测试自我状态修改-正常修改,status_change_10000_active_31_1772457827,[object Object],Mon Mar 02 2026 21:23:47 GMT+0800 (China Standard Time)
310,10000,31,active,active,测试自我状态修改-正常修改,status_change_10000_active_31_1772458130,[object Object],Mon Mar 02 2026 21:28:50 GMT+0800 (China Standard Time)
311,10000,31,active,active,测试自我状态修改-正常修改,status_change_10000_active_31_1772458316,[object Object],Mon Mar 02 2026 21:31:56 GMT+0800 (China Standard Time)
312,10000,31,active,active,测试自我状态修改-正常修改,status_change_10000_active_31_1772459927,[object Object],Mon Mar 02 2026 21:58:47 GMT+0800 (China Standard Time)
313,10000,31,active,active,测试自我状态修改-正常修改,status_change_10000_active_31_1772460135,[object Object],Mon Mar 02 2026 22:02:15 GMT+0800 (China Standard Time)
314,10000,31,active,active,测试自我状态修改-正常修改,status_change_10000_active_31_1772460528,[object Object],Mon Mar 02 2026 22:08:48 GMT+0800 (China Standard Time)
315,10000,31,active,active,测试自我状态修改-正常修改,status_change_10000_active_31_1772482671,[object Object],Tue Mar 03 2026 04:17:51 GMT+0800 (China Standard Time)
317,10000,31,active,active,测试自我状态修改-正常修改,status_change_10000_active_31_1772482740,[object Object],Tue Mar 03 2026 04:19:00 GMT+0800 (China Standard Time)
321,10000,31,active,active,测试自我状态修改-正常修改,status_change_10000_active_31_1772483307,[object Object],Tue Mar 03 2026 04:28:27 GMT+0800 (China Standard Time)
323,10000,31,active,active,测试自我状态修改-正常修改,status_change_10000_active_31_1772484156,[object Object],Tue Mar 03 2026 04:42:36 GMT+0800 (China Standard Time)
330,10000,31,active,active,测试自我状态修改-正常修改,status_change_10000_active_31_1772780981,[object Object],Fri Mar 06 2026 15:09:41 GMT+0800 (China Standard Time)
331,10000,31,active,active,测试自我状态修改-正常修改,status_change_10000_active_31_1772781114,[object Object],Fri Mar 06 2026 15:11:54 GMT+0800 (China Standard Time)
333,10000,31,active,active,测试自我状态修改-正常修改,status_change_10000_active_31_1772784126,[object Object],Fri Mar 06 2026 16:02:06 GMT+0800 (China Standard Time)
334,10000,31,active,active,测试自我状态修改-正常修改,status_change_10000_active_31_1772789616,[object Object],Fri Mar 06 2026 17:33:36 GMT+0800 (China Standard Time)
336,10000,31,active,active,测试自我状态修改-正常修改,status_change_10000_active_31_1772825559,[object Object],Sat Mar 07 2026 03:32:39 GMT+0800 (China Standard Time)
337,10000,31,active,active,测试自我状态修改-正常修改,status_change_10000_active_31_1772839848,[object Object],Sat Mar 07 2026 07:30:48 GMT+0800 (China Standard Time)
339,10000,31,active,active,测试自我状态修改-正常修改,status_change_10000_active_31_1772991522,[object Object],Mon Mar 09 2026 01:38:42 GMT+0800 (China Standard Time)
340,10000,31,active,active,测试自我状态修改-正常修改,status_change_10000_active_31_1772991545,[object Object],Mon Mar 09 2026 01:39:05 GMT+0800 (China Standard Time)
342,10000,31,active,active,测试自我状态修改-正常修改,status_change_10000_active_31_1773078056,[object Object],Tue Mar 10 2026 01:40:56 GMT+0800 (China Standard Time)
343,10000,31,active,active,测试自我状态修改-正常修改,status_change_10000_active_31_1773103860,[object Object],Tue Mar 10 2026 08:51:00 GMT+0800 (China Standard Time)
345,10000,31,active,active,测试自我状态修改-正常修改,status_change_10000_active_31_1773105130,[object Object],Tue Mar 10 2026 09:12:10 GMT+0800 (China Standard Time)
347,10000,31,active,active,测试自我状态修改-正常修改,status_change_10000_active_31_1773435753,[object Object],Sat Mar 14 2026 05:02:33 GMT+0800 (China Standard Time)
349,10000,31,active,active,测试自我状态修改-正常修改,status_change_10000_active_31_1773437749,[object Object],Sat Mar 14 2026 05:35:49 GMT+0800 (China Standard Time)
356,10000,31,active,active,测试自我状态修改-正常修改,status_change_10000_active_31_1773708081,[object Object],Tue Mar 17 2026 08:41:21 GMT+0800 (China Standard Time)
359,10000,31,active,active,测试自我状态修改-正常修改,status_change_10000_active_31_1773708895,[object Object],Tue Mar 17 2026 08:54:55 GMT+0800 (China Standard Time)
361,10000,31,active,active,测试自我状态修改-正常修改,status_change_10000_active_31_1774025597,[object Object],Sat Mar 21 2026 00:53:17 GMT+0800 (China Standard Time)
